<?xml version="1.0" encoding="UTF-8" ?>
<module>
	<name>paygine</name>
	<displayName><![CDATA[Paygine]]></displayName>
	<version><![CDATA[1.1.2]]></version>
	<description><![CDATA[Принимайте платежи с банковских карт.]]></description>
	<author><![CDATA[Paygine]]></author>
	<tab><![CDATA[payments_gateways]]></tab>
	<confirmUninstall><![CDATA[Вы уверены, что хотите удалить этот модуль?]]></confirmUninstall>
	<is_configurable>1</is_configurable>
	<need_instance>1</need_instance>
	<limited_countries></limited_countries>
</module>